"specimen_id","event_date","event_type","event_status","description","source","notes"
"dm0-3",2026-07-15,"health","observed","yellow leaves with green veins, possible iron deficiency or root issue","direct_observation","treated with iron and moved to a deeper pot"
"dm0-3",2026-07-29,"health","observed","new leaves look better after iron treatment and repot","direct_observation",
"dm0-1",2026-07-30,"morphology","observed","since the most recent repot, seedling leans more severely","direct_observation",
"dm0-2",2026-07-30,"morphology","observed","since the most recent repot, seedling leans more severely","direct_observation",
"dm0-3",2026-07-30,"morphology","observed","since the most recent repot, seedling leans more severely","direct_observation",
"dm0-4",2026-07-30,"morphology","observed","since the most recent repot, seedling leans more severely","direct_observation",
"dm0-1",2026-08-09,"health","observed","observed many spots or maybe bumps on some of the leaves, have picture","direct_observation",
"dm0-2",2026-08-09,"health","observed","observed many spots or maybe bumps on some of the leaves, have picture","direct_observation",
"dm0-3",2026-08-09,"health","observed","observed many spots or maybe bumps on some of the leaves, have picture","direct_observation",
"dm2-1",2026-08-24,"morphology","observed","during 30-day measurement observed specimen leaning","direct_observation","after measurements, applied bracing jig to counter the lean"
"dm0-1",2026-08-28,"morphology","observed","lean has reduced, removed bracing jig and will reassess lean","direct_observation","removed bracing jib prior to 60-day measurements"
"dm0-1",2026-09-26,"movement","relocated","moved inside and under artificial lights","direct_observation",
"dm0-4",2026-09-26,"movement","relocated","moved inside and under artificial lights","direct_observation",
"dm1-3",2026-09-26,"movement","relocated","moved inside and under artificial lights","direct_observation",
"dm1-4",2026-09-26,"movement","relocated","moved inside and under artificial lights","direct_observation",
"dm2-1",2026-09-26,"movement","relocated","moved inside and under artificial lights","direct_observation",
"dm2-3",2026-09-26,"movement","relocated","moved inside and under artificial lights","direct_observation",
"dm2-5",2026-09-26,"movement","relocated","moved inside and under artificial lights","direct_observation",
"dm2-6",2026-09-26,"movement","relocated","moved inside and under artificial lights","direct_observation",
"dm3-1",2026-09-26,"movement","relocated","moved inside and under artificial lights","direct_observation",
"dm3-3",2026-09-26,"movement","relocated","moved inside and under artificial lights","direct_observation",
"dm3-4",2026-09-26,"movement","relocated","moved inside and under artificial lights","direct_observation",
"dm3-5",2026-09-26,"movement","relocated","moved inside and under artificial lights","direct_observation",
"dm3-6",2026-09-26,"movement","relocated","moved inside and under artificial lights","direct_observation",
"dm3-7",2026-09-26,"movement","relocated","moved inside and under artificial lights","direct_observation",
"dm4-2",2026-09-26,"movement","relocated","moved inside and under artificial lights","direct_observation",
"dm4-3",2026-09-26,"movement","relocated","moved inside and under artificial lights","direct_observation",
"dm4-4",2026-09-26,"movement","relocated","moved inside and under artificial lights","direct_observation",
"dm4-7",2026-09-26,"movement","relocated","moved inside and under artificial lights","direct_observation",
"dm0-2",2026-09-30,"movement","relocated","moved inside and under artificial lights","direct_observation",
"dm0-3",2026-09-30,"movement","relocated","moved inside and under artificial lights","direct_observation",
"dm2-4",2026-09-30,"movement","relocated","moved inside and under artificial lights","direct_observation",
"dm4-5",2026-09-30,"movement","relocated","moved inside and under artificial lights","direct_observation",
"dr0-1",2026-09-30,"movement","relocated","moved inside and under artificial lights","direct_observation",
"dr0-2",2026-09-30,"movement","relocated","moved inside and under artificial lights","direct_observation",
"dm-ALL",2026-10-02,"health","treated","observed leaves dropping and pest infestation, treated with pesticide","direct_observation","leaf loss likely from pests, burned leaves likely from pesticide"
"dr-ALL",2026-10-02,"health","treated","due to close proximity to infested specimens, treated with pesticide","direct_observation",
